1,Kirby,Smart,45,Atlanta,USA,65000,1,10/29/19,10/29/20,1
2,Tom,Bardy,35,Atlanta,USA,50000,1,10/29/19,10/29/20,1
3,Julio,Johns,21,Clinton,USA,53000,1,10/29/19,10/29/20,1
4,Nick,Chubb,33,Halifax,Canada,59000,1,10/29/19,10/29/20,1
5,Steven,Curry,29,New York,USA,60000,1,09/15/19,09/15/20,2
6,Natalia,LastName,25,Minsk,Belarus,63000,1,10/29/19,10/29/20,2
7,Chris,Brown,25,Atlanta,USA,67000,1,10/29/19,10/29/20,2
8,Adam,Chris,32,New York,USA,70000,2,10/01/19,10/01/20,3
9,David,Blake,26,Austin,USA,45000,5,10/15/19,10/15/20,4
10,John,Matt,32,Orlando,USA,59000,6,09/29/29,09/29/20,5
11,Maria,Dev,40,London,England,60000,4,09/15/19,09/15/20,6
12,Cassandra,Jackson,30,Ohio,USA,67000,2,10/01/19,10/01/20,7
13,Christian,Wright,29,Manchester,England,66000,5,10/15/19,10/15/20,4
14,Eve,Adam,42,Greensville,USA,62000,2,10/01/19,10/01/20,8
15,Jamal,Harris,34,Dallas,USA,50000,5,10/15/19,10/15/20,4
16,Alex,Ledford,35,Miami,USA,61000,6,09/29/29,09/29/20,5
17,Malissa,Jorge,40,Atlanta,USA,53000,4,09/15/19,09/15/20,6
18,Asad,King,35,D.C,USA,70000,3,08/15/19,08/15/20,9
19,Monica,Bing,27,New York,USA,64000,3,08/15/19,08/15/20,9
20,Mike,Moores,31,Blacksburg,USA,60000,3,08/15/19,08/15/20,10

